scenario,accuracy
clean,0.5107272220674283
gaussian_0.10,0.40679855112844804
blur_k5,0.4529116745611591
occlusion_25,0.3010587907495124
bright_1.4,0.4958205628308721
