metric,value
acc_raw,0.5107272267341614
acc_kalman,0.7428253293037415
